"symbol","model","eval_set","rmse","rsq","last_refreshed"
"1INCH","lm","holdout",0.602916030346562,0.632391045124297,"2022-02-02 13:25:12"
"1INCH","lm","test",1.1539359717472,0.659422340508852,"2022-02-02 13:25:12"
"1INCH","nnet","holdout",1.22262908823843,0.001500540569353,"2022-02-02 13:25:12"
"1INCH","nnet","test",2.60031919332388,0.253976275944521,"2022-02-02 13:25:12"
"1INCH","pcr","holdout",0.96372555033795,0.00953993432511745,"2022-02-02 13:25:12"
"1INCH","pcr","test",1.41195437206622,0.469558824285598,"2022-02-02 13:25:12"
"1INCH","rf","holdout",1.44344199788714,0.0000000836208803486551,"2022-02-02 13:25:12"
"1INCH","rf","test",3.13783623566932,0.101634414101642,"2022-02-02 13:25:12"
"1INCH","xgb","holdout",1.52565534846108,0.0253471746887845,"2022-02-02 13:25:12"
"1INCH","xgb","test",3.33564453377633,0.0884469125006996,"2022-02-02 13:25:12"
"ABBC","lm","holdout",2.02249090847468,0.880522837919482,"2022-02-02 13:25:12"
"ABBC","lm","test",2.85527781253838,0.398956906727471,"2022-02-02 13:25:12"
"ABBC","nnet","holdout",5.87851035350856,0.000184784499961922,"2022-02-02 13:25:12"
"ABBC","nnet","test",4.77281650753604,0.0909232722777215,"2022-02-02 13:25:12"
"ABBC","pcr","holdout",5.94166258634576,0.01063355717317,"2022-02-02 13:25:12"
"ABBC","pcr","test",2.00519535614597,0.417720423712069,"2022-02-02 13:25:12"
"ABBC","rf","holdout",7.05245591019039,0.0890314423785355,"2022-02-02 13:25:12"
"ABBC","rf","test",2.24061136174246,0.405721962767225,"2022-02-02 13:25:12"
"ABBC","xgb","holdout",6.0148150597297,0.010860630312474,"2022-02-02 13:25:12"
"ABBC","xgb","test",2.57338127945551,0.33657086731938,"2022-02-02 13:25:12"
"ADA","lm","holdout",0.567220633393667,0.278372262335151,"2022-02-02 13:25:12"
"ADA","lm","test",1.00991431140335,0.501513462657853,"2022-02-02 13:25:12"
"ADA","nnet","holdout",1.57879063118569,0.00519913094331574,"2022-02-02 13:25:12"
"ADA","nnet","test",2.01756688154458,0.154545260133008,"2022-02-02 13:25:12"
"ADA","pcr","holdout",0.710168929853128,0.0108004834978775,"2022-02-02 13:25:12"
"ADA","pcr","test",1.24350394804284,0.281692529996536,"2022-02-02 13:25:12"
"ADA","rf","holdout",1.1305302155011,0.000198909291852079,"2022-02-02 13:25:12"
"ADA","rf","test",2.52458515273475,0.0879185590984802,"2022-02-02 13:25:12"
"ADA","xgb","holdout",1.32602391949108,0.0124011307330506,"2022-02-02 13:25:12"
"ADA","xgb","test",2.27669562743893,0.0294735441141657,"2022-02-02 13:25:12"
"ALCX","lm","holdout",12.2603936195515,0.0855232111781888,"2022-02-02 13:25:12"
"ALCX","lm","test",3.57710152502158,0.228948854187809,"2022-02-02 13:25:12"
"ALCX","nnet","holdout",12.5536125336678,0.084947951252941,"2022-02-02 13:25:12"
"ALCX","nnet","test",4.70481146021739,0.204422185060412,"2022-02-02 13:25:12"
"ALCX","pcr","holdout",11.6899864886614,0.0884880918900292,"2022-02-02 13:25:12"
"ALCX","pcr","test",2.79363524541237,0.243712833069199,"2022-02-02 13:25:12"
"ALCX","rf","holdout",11.6900675419118,0.0884839472910223,"2022-02-02 13:25:12"
"ALCX","rf","test",2.76766466243869,0.189130396617774,"2022-02-02 13:25:12"
"ALCX","xgb","holdout",1786.45820477647,0.0148508503429076,"2022-02-02 13:25:12"
"ALCX","xgb","test",3.00197860707605,0.120479636464002,"2022-02-02 13:25:12"
"ALPACA","lm","holdout",0.750791063945528,0.00107742000725499,"2022-02-02 13:25:12"
"ALPACA","lm","test",11.3207577180893,0.140020000609098,"2022-02-02 13:25:12"
"ALPACA","nnet","holdout",2.087800155314,0.081920698547771,"2022-02-02 13:25:12"
"ALPACA","nnet","test",5.49326422490487,0.141710353789377,"2022-02-02 13:25:12"
"ALPACA","pcr","holdout",0.907597689402096,0.0687157858795591,"2022-02-02 13:25:12"
"ALPACA","pcr","test",5.17285343553803,0.138996506823145,"2022-02-02 13:25:12"
"ALPACA","rf","holdout",0.737086225778542,0.0586963648156003,"2022-02-02 13:25:12"
"ALPACA","rf","test",5.20584865533394,0.175101688045114,"2022-02-02 13:25:12"
"ALPACA","xgb","holdout",0.669045049090625,0.0328388119282963,"2022-02-02 13:25:12"
"ALPACA","xgb","test",5.27972764075489,0.103500615228177,"2022-02-02 13:25:12"
"ARDR","lm","holdout",1.12285743584939,0.274946010775327,"2022-02-02 13:25:12"
"ARDR","lm","test",1.58684966520802,0.572454324553295,"2022-02-02 13:25:12"
"ARDR","nnet","holdout",1.26651962672433,0.0495079952585802,"2022-02-02 13:25:12"
"ARDR","nnet","test",2.55692875791147,0.243848492245646,"2022-02-02 13:25:12"
"ARDR","pcr","holdout",1.18894805565905,0.184846617000701,"2022-02-02 13:25:12"
"ARDR","pcr","test",2.04591792595665,0.366694825721375,"2022-02-02 13:25:12"
"ARDR","rf","holdout",1.28616058847789,0.0574867102700266,"2022-02-02 13:25:12"
"ARDR","rf","test",2.86680616579205,0.201307798024423,"2022-02-02 13:25:12"
"ARDR","xgb","holdout",1.75812117747636,0.101673302467378,"2022-02-02 13:25:12"
"ARDR","xgb","test",2.96263931112412,0.073225941356944,"2022-02-02 13:25:12"
"ATOM","lm","holdout",0.792601458397291,0.47367762468042,"2022-02-02 13:25:12"
"ATOM","lm","test",2.72077719266093,0.240266076104691,"2022-02-02 13:25:12"
"ATOM","nnet","holdout",2.21838330706839,0.0200481720425213,"2022-02-02 13:25:12"
"ATOM","nnet","test",5.09796097723673,0.271442216845374,"2022-02-02 13:25:12"
"ATOM","pcr","holdout",1.15012776175555,0.0277296784767069,"2022-02-02 13:25:12"
"ATOM","pcr","test",1.99179746035921,0.44572799163892,"2022-02-02 13:25:12"
"ATOM","rf","holdout",3.13091436800316,0.000633513435034622,"2022-02-02 13:25:12"
"ATOM","rf","test",4.37785520389688,0.0280561546911222,"2022-02-02 13:25:12"
"ATOM","xgb","holdout",2.71794934092553,0.0417044493026751,"2022-02-02 13:25:12"
"ATOM","xgb","test",4.88862831853188,0.0237079704892201,"2022-02-02 13:25:12"
"AVA","lm","holdout",0.259695934737788,0.890903897372718,"2022-02-02 13:25:12"
"AVA","lm","test",1.11100225124555,0.407999413172932,"2022-02-02 13:25:12"
"AVA","nnet","holdout",0.966536687873062,0.0548718379831712,"2022-02-02 13:25:12"
"AVA","nnet","test",2.13653545267482,0.191888953126996,"2022-02-02 13:25:12"
"AVA","pcr","holdout",0.781675292899551,0.107975763969057,"2022-02-02 13:25:12"
"AVA","pcr","test",1.07098474246855,0.243289928519715,"2022-02-02 13:25:12"
"AVA","rf","holdout",1.19196690113236,0.0431487399680582,"2022-02-02 13:25:12"
"AVA","rf","test",2.3053004972726,0.0460105973973602,"2022-02-02 13:25:12"
"AVA","xgb","holdout",1.14770883059129,0.0851385504463843,"2022-02-02 13:25:12"
"AVA","xgb","test",1.99048654330913,0.0412649252686857,"2022-02-02 13:25:12"
"BAL","lm","holdout",0.585755388198797,0.754919982964573,"2022-02-02 13:25:12"
"BAL","lm","test",1.29958149318901,0.463760569347298,"2022-02-02 13:25:12"
"BAL","nnet","holdout",0.947216073352274,0.108722528013913,"2022-02-02 13:25:12"
"BAL","nnet","test",2.52379174496943,0.231186014023512,"2022-02-02 13:25:12"
"BAL","pcr","holdout",0.94443937835565,0.000792384820044455,"2022-02-02 13:25:12"
"BAL","pcr","test",1.35298277234533,0.396388501622791,"2022-02-02 13:25:12"
"BAL","rf","holdout",1.17945632588506,0.0677260553125958,"2022-02-02 13:25:12"
"BAL","rf","test",2.00232427730766,0.268926046565166,"2022-02-02 13:25:12"
"BAL","xgb","holdout",1.40904867682932,0.00168203438725264,"2022-02-02 13:25:12"
"BAL","xgb","test",2.21765568640439,0.15382324871024,"2022-02-02 13:25:12"
"BAT","lm","holdout",0.43049321980041,0.687207230482912,"2022-02-02 13:25:12"
"BAT","lm","test",1.05326159984289,0.740213029661478,"2022-02-02 13:25:12"
"BAT","nnet","holdout",0.736606651841962,0.000172946872728804,"2022-02-02 13:25:12"
"BAT","nnet","test",2.51860746572097,0.27810532578756,"2022-02-02 13:25:12"
"BAT","pcr","holdout",0.974998175308271,0.00926656157039328,"2022-02-02 13:25:12"
"BAT","pcr","test",1.63072326348448,0.409722647381204,"2022-02-02 13:25:12"
"BAT","rf","holdout",4.99676529082498,0.0139010821321216,"2022-02-02 13:25:12"
"BAT","rf","test",3.83473847997165,0.0479748526642962,"2022-02-02 13:25:12"
"BAT","xgb","holdout",1.42281076955222,0.000470201272153073,"2022-02-02 13:25:12"
"BAT","xgb","test",4.32857590094103,0.0306361570033212,"2022-02-02 13:25:12"
"BICO","lm","holdout",1.52129048614602,0.252857330099099,"2022-02-02 13:25:12"
"BICO","lm","test",33.9559360374319,0.321840636533688,"2022-02-02 13:25:12"
"BICO","nnet","holdout",2.83321936060254,0.186732441617475,"2022-02-02 13:25:12"
"BICO","nnet","test",7.64180542647806,0.324745206403178,"2022-02-02 13:25:12"
"BICO","pcr","holdout",1.58226380760254,0.175406467186847,"2022-02-02 13:25:12"
"BICO","pcr","test",15.1555836528914,0.410633195315639,"2022-02-02 13:25:12"
"BICO","rf","holdout",1.57992777025896,0.183462968340253,"2022-02-02 13:25:12"
"BICO","rf","test",3.17256115002757,0.354162182097542,"2022-02-02 13:25:12"
"BICO","xgb","holdout",2.50888015479115,0.00000065152077644144,"2022-02-02 13:25:12"
"BICO","xgb","test",3.04013238993664,0.364547539162068,"2022-02-02 13:25:12"
"BNT","lm","holdout",0.590987855302983,0.379169181076194,"2022-02-02 13:25:12"
"BNT","lm","test",0.771478888528661,0.780781069079329,"2022-02-02 13:25:12"
"BNT","nnet","holdout",0.776851193457262,0.0243049120469873,"2022-02-02 13:25:12"
"BNT","nnet","test",1.75357556297246,0.257346707192396,"2022-02-02 13:25:12"
"BNT","pcr","holdout",0.970140598278132,0.00100567528773552,"2022-02-02 13:25:12"
"BNT","pcr","test",1.00405277155977,0.410043849025871,"2022-02-02 13:25:12"
"BNT","rf","holdout",1.87214624307303,0.0233046043545418,"2022-02-02 13:25:12"
"BNT","rf","test",1.48618121602613,0.134628665246281,"2022-02-02 13:25:12"
"BNT","xgb","holdout",1.33436494527673,0.00069151567258281,"2022-02-02 13:25:12"
"BNT","xgb","test",1.84691620845891,0.02891096466806,"2022-02-02 13:25:12"
"BRD","lm","holdout",10.8764703010819,0.0525160149476526,"2022-02-02 13:25:12"
"BRD","lm","test",3.42995009969719,0.576251618339034,"2022-02-02 13:25:12"
"BRD","nnet","holdout",11.3643840717608,0.0644129195063289,"2022-02-02 13:25:12"
"BRD","nnet","test",7.14344871454905,0.329303802249124,"2022-02-02 13:25:12"
"BRD","pcr","holdout",8.11669054753567,0.124614537669284,"2022-02-02 13:25:12"
"BRD","pcr","test",4.29977953769798,0.318236925125378,"2022-02-02 13:25:12"
"BRD","rf","holdout",10.062220936371,0.0525737749061881,"2022-02-02 13:25:12"
"BRD","rf","test",5.51219297316197,0.173371008029749,"2022-02-02 13:25:12"
"BRD","xgb","holdout",11.8162757356174,0.00000983151968418973,"2022-02-02 13:25:12"
"BRD","xgb","test",20.6095641931371,0.144534993552092,"2022-02-02 13:25:12"
"BSV","lm","holdout",0.458376941941668,0.540242046025675,"2022-02-02 13:25:12"
"BSV","lm","test",0.966470071461156,0.552650965021773,"2022-02-02 13:25:12"
"BSV","nnet","holdout",0.996574491142391,0.0550314063707478,"2022-02-02 13:25:12"
"BSV","nnet","test",2.10617725264494,0.11366743422987,"2022-02-02 13:25:12"
"BSV","pcr","holdout",0.698685992989036,0.00444737294766958,"2022-02-02 13:25:12"
"BSV","pcr","test",1.345486033394,0.165574083819358,"2022-02-02 13:25:12"
"BSV","rf","holdout",0.763491565190523,0.0593649436060795,"2022-02-02 13:25:12"
"BSV","rf","test",1.59119970813536,0.143572891120743,"2022-02-02 13:25:12"
"BSV","xgb","holdout",1.7846867401409,0.00201329405078791,"2022-02-02 13:25:12"
"BSV","xgb","test",2.40065723048281,0.132513013401504,"2022-02-02 13:25:12"
"BTC","lm","holdout",0.278284884141857,0.778789831126275,"2022-02-02 13:25:12"
"BTC","lm","test",0.755464592816059,0.580841214903812,"2022-02-02 13:25:12"
"BTC","nnet","holdout",0.741841796585826,0.0250297057192532,"2022-02-02 13:25:12"
"BTC","nnet","test",1.58336775469794,0.276779637158041,"2022-02-02 13:25:12"
"BTC","pcr","holdout",0.615040743498245,0.0130534945963025,"2022-02-02 13:25:12"
"BTC","pcr","test",0.934782485636438,0.32168585756313,"2022-02-02 13:25:12"
"BTC","rf","holdout",0.781199876962817,0.00640146146275024,"2022-02-02 13:25:12"
"BTC","rf","test",1.34871407032209,0.0993826217132635,"2022-02-02 13:25:12"
"BTC","xgb","holdout",0.810659200520079,0.000131158580086111,"2022-02-02 13:25:12"
"BTC","xgb","test",1.59633015405295,0.0554519961066851,"2022-02-02 13:25:12"
"BTG","lm","holdout",0.31309167958729,0.909329804182682,"2022-02-02 13:25:12"
"BTG","lm","test",1.35726458396656,0.36468640583717,"2022-02-02 13:25:12"
"BTG","nnet","holdout",0.951252884202968,0.0950258110846781,"2022-02-02 13:25:12"
"BTG","nnet","test",1.82832441423041,0.206815404944924,"2022-02-02 13:25:12"
"BTG","pcr","holdout",0.885023951068621,0.00000301580197401251,"2022-02-02 13:25:12"
"BTG","pcr","test",1.41868176683994,0.397387272766578,"2022-02-02 13:25:12"
"BTG","rf","holdout",1.45713037226015,0.0260808321572542,"2022-02-02 13:25:12"
"BTG","rf","test",1.62737758760727,0.207163344141514,"2022-02-02 13:25:12"
"BTG","xgb","holdout",1.82367869661219,0.0494721601338848,"2022-02-02 13:25:12"
"BTG","xgb","test",1.83616407574252,0.0836871430945751,"2022-02-02 13:25:12"
"BTRST","lm","holdout",2.25384709344228,0.74611813934643,"2022-02-02 13:25:12"
"BTRST","lm","test",7.61703046792512,0.165876995534109,"2022-02-02 13:25:12"
"BTRST","nnet","holdout",4.44519368297741,0.301582379519737,"2022-02-02 13:25:12"
"BTRST","nnet","test",9.00205946510892,0.111826701582056,"2022-02-02 13:25:12"
"BTRST","pcr","holdout",2.5409314837572,0.690547127366519,"2022-02-02 13:25:12"
"BTRST","pcr","test",7.57022472640526,0.260537131610377,"2022-02-02 13:25:12"
"BTRST","rf","holdout",4.17211038918067,0.106535726487822,"2022-02-02 13:25:12"
"BTRST","rf","test",7.82328713734979,0.105853875042713,"2022-02-02 13:25:12"
"BTRST","xgb","holdout",4.25648137240761,0.072919804292926,"2022-02-02 13:25:12"
"BTRST","xgb","test",11.124200286303,0.0616570602156313,"2022-02-02 13:25:12"
"C20","lm","holdout",8.25769412564476,0.136572882767924,"2022-02-02 13:25:12"
"C20","lm","test",3.26531854614513,0.188711168678223,"2022-02-02 13:25:12"
"C20","nnet","holdout",8.73974803481802,0.038734407388957,"2022-02-02 13:25:12"
"C20","nnet","test",3.86668042981649,0.0792400066206333,"2022-02-02 13:25:12"
"C20","pcr","holdout",8.73129284196814,0.186125991556893,"2022-02-02 13:25:12"
"C20","pcr","test",2.07674392905118,0.0699021250773974,"2022-02-02 13:25:12"
"C20","rf","holdout",8.93743688150714,0.0409577064112169,"2022-02-02 13:25:12"
"C20","rf","test",1.97661287330949,0.0766247433126697,"2022-02-02 13:25:12"
"C20","xgb","holdout",9.41767790884187,0.00585380723180731,"2022-02-02 13:25:12"
"C20","xgb","test",2.32621011932268,0.0528283172613691,"2022-02-02 13:25:12"
"CELR","lm","holdout",1.34924655658961,0.00550084713249704,"2022-02-02 13:25:12"
"CELR","lm","test",4.2918346052463,0.458611390924515,"2022-02-02 13:25:12"
"CELR","nnet","holdout",0.859492372379569,0.00022174618622574,"2022-02-02 13:25:12"
"CELR","nnet","test",5.04620461204504,0.101988975501894,"2022-02-02 13:25:12"
"CELR","pcr","holdout",1.68006617320515,0.050473763716365,"2022-02-02 13:25:12"
"CELR","pcr","test",4.21185918564282,0.197218584256499,"2022-02-02 13:25:12"
"CELR","rf","holdout",1.84834448584436,0.00148062839683695,"2022-02-02 13:25:12"
"CELR","rf","test",6.83998901861092,0.0638148075032034,"2022-02-02 13:25:12"
"CELR","xgb","holdout",2.28364154916513,0.0153272016989238,"2022-02-02 13:25:12"
"CELR","xgb","test",6.90092766833696,0.0516927365412708,"2022-02-02 13:25:12"
"CHZ","lm","holdout",0.344201167882344,0.865508538563384,"2022-02-02 13:25:12"
"CHZ","lm","test",1.54981008024157,0.440977958904748,"2022-02-02 13:25:12"
"CHZ","nnet","holdout",1.01332774936508,0.000578316867827162,"2022-02-02 13:25:12"
"CHZ","nnet","test",2.06233605398929,0.262560155481365,"2022-02-02 13:25:12"
"CHZ","pcr","holdout",1.10151164957723,0.0121207154599874,"2022-02-02 13:25:12"
"CHZ","pcr","test",1.85638967823185,0.421543796834587,"2022-02-02 13:25:12"
"CHZ","rf","holdout",3.26971283386582,0.0454378277420023,"2022-02-02 13:25:12"
"CHZ","rf","test",2.27244375303197,0.156038211979137,"2022-02-02 13:25:12"
"CHZ","xgb","holdout",2.11485749355026,0.0487769718956773,"2022-02-02 13:25:12"
"CHZ","xgb","test",3.31926792978163,0.113447031569755,"2022-02-02 13:25:12"
"CKB","lm","holdout",0.538692505897277,0.989987149314915,"2022-02-02 13:25:12"
"CKB","lm","test",3.71476202264531,0.233860412794692,"2022-02-02 13:25:12"
"CKB","nnet","holdout",5.78869482895962,0.00322438530711484,"2022-02-02 13:25:12"
"CKB","nnet","test",4.35533591855044,0.0932976031061014,"2022-02-02 13:25:12"
"CKB","pcr","holdout",4.70725938628476,0.392687977122243,"2022-02-02 13:25:12"
"CKB","pcr","test",3.39596579649486,0.418147403935352,"2022-02-02 13:25:12"
"CKB","rf","holdout",5.39413033753777,0.00262496877566643,"2022-02-02 13:25:12"
"CKB","rf","test",4.64821957999428,0.455566110662546,"2022-02-02 13:25:12"
"CKB","xgb","holdout",1.45163775387131,0.927285760420493,"2022-02-02 13:25:12"
"CKB","xgb","test",5.98688264140199,0.236794503477316,"2022-02-02 13:25:12"
"CND","lm","holdout",8.17181731446017,0.315320660695103,"2022-02-02 13:25:12"
"CND","lm","test",19.4745397723368,0.356566741638403,"2022-02-02 13:25:12"
"CND","nnet","holdout",9.71994089339239,0.000514191799454773,"2022-02-02 13:25:12"
"CND","nnet","test",11.6539464394808,0.0326736317933243,"2022-02-02 13:25:12"
"CND","pcr","holdout",9.75959397966985,0.000130345032613207,"2022-02-02 13:25:12"
"CND","pcr","test",11.1546235816214,0.106155710764944,"2022-02-02 13:25:12"
"CND","rf","holdout",8.27991429675213,0.273000446816829,"2022-02-02 13:25:12"
"CND","rf","test",10.3104280045822,0.313330225991462,"2022-02-02 13:25:12"
"CND","xgb","holdout",10.5428787668629,0.00635365428858593,"2022-02-02 13:25:12"
"CND","xgb","test",11.4840048815936,0.442895191160929,"2022-02-02 13:25:12"
"COCOS","lm","holdout",2.87043440700193,0.769423308637195,"2022-02-02 13:25:12"
"COCOS","lm","test",1.83607074578384,0.459636857102775,"2022-02-02 13:25:12"
"COCOS","nnet","holdout",5.00468869827209,0.0947977878282888,"2022-02-02 13:25:12"
"COCOS","nnet","test",3.58543055384551,0.0870914927419051,"2022-02-02 13:25:12"
"COCOS","pcr","holdout",4.41703940531843,0.290309389599075,"2022-02-02 13:25:12"
"COCOS","pcr","test",2.29046914577061,0.21282008690742,"2022-02-02 13:25:12"
"COCOS","rf","holdout",6.41793695007451,0.00173191434836658,"2022-02-02 13:25:12"
"COCOS","rf","test",2.35148651846503,0.0967728600417407,"2022-02-02 13:25:12"
"COCOS","xgb","holdout",7.58555099035406,0.0117320840895454,"2022-02-02 13:25:12"
"COCOS","xgb","test",4.63011370458437,0.0565645538441561,"2022-02-02 13:25:12"
"CROOLD","lm","holdout",0.681928930680669,0.599088228111656,"2022-02-02 13:25:12"
"CROOLD","lm","test",1.22811690202613,0.471074349517978,"2022-02-02 13:25:12"
"CROOLD","nnet","holdout",1.5548426588473,0.0302181082733748,"2022-02-02 13:25:12"
"CROOLD","nnet","test",1.86975798349461,0.234169824707638,"2022-02-02 13:25:12"
"CROOLD","pcr","holdout",0.975963335469813,0.0592949964321828,"2022-02-02 13:25:12"
"CROOLD","pcr","test",1.17105110302106,0.247911608922541,"2022-02-02 13:25:12"
"CROOLD","rf","holdout",3.13395487262378,0.137791762260951,"2022-02-02 13:25:12"
"CROOLD","rf","test",1.60116510956171,0.0851661274157821,"2022-02-02 13:25:12"
"CROOLD","xgb","holdout",1.54484445944477,0.0462170022248111,"2022-02-02 13:25:12"
"CROOLD","xgb","test",2.5900198089803,0.0641909241355712,"2022-02-02 13:25:12"
"CRPT","lm","holdout",84.051164071368,0.720370332877454,"2022-02-02 13:25:12"
"CRPT","lm","test",7.90198778822247,0.169962713296638,"2022-02-02 13:25:12"
"CRPT","nnet","holdout",17.0305684782022,0.527643707229777,"2022-02-02 13:25:12"
"CRPT","nnet","test",4.36860581908782,0.0550520315274476,"2022-02-02 13:25:12"
"CRPT","pcr","holdout",1.03339779282165,0.736567091810195,"2022-02-02 13:25:12"
"CRPT","pcr","test",3.40395380322543,0.113234587179388,"2022-02-02 13:25:12"
"CRPT","rf","holdout",2.16900229200331,0.0689038312677502,"2022-02-02 13:25:12"
"CRPT","rf","test",4.25964205847812,0.012636111138749,"2022-02-02 13:25:12"
"CRPT","xgb","holdout",13.1806308498589,0.00482651739197604,"2022-02-02 13:25:12"
"CRPT","xgb","test",6.17878832042457,0.0269821288436025,"2022-02-02 13:25:12"
"DASH","lm","holdout",0.577073068161512,0.803258817431221,"2022-02-02 13:25:12"
"DASH","lm","test",0.938800159020333,0.420105467936157,"2022-02-02 13:25:12"
"DASH","nnet","holdout",1.17374565792481,0.188167759479664,"2022-02-02 13:25:12"
"DASH","nnet","test",1.98498439876735,0.22397896579789,"2022-02-02 13:25:12"
"DASH","pcr","holdout",1.01169259461664,0.0424627697770334,"2022-02-02 13:25:12"
"DASH","pcr","test",1.02435033972882,0.299903152587251,"2022-02-02 13:25:12"
"DASH","rf","holdout",0.997571504286252,0.0679897281482052,"2022-02-02 13:25:12"
"DASH","rf","test",1.31120996817894,0.21157865503832,"2022-02-02 13:25:12"
"DASH","xgb","holdout",1.7758346861672,0.110795026391547,"2022-02-02 13:25:12"
"DASH","xgb","test",1.7233788914942,0.0799005331907853,"2022-02-02 13:25:12"
"DCR","lm","holdout",1.74823194653187,0.047546774777765,"2022-02-02 13:25:12"
"DCR","lm","test",6.83314353325883,0.409001710176041,"2022-02-02 13:25:12"
"DCR","nnet","holdout",0.679890632680567,NA,"2022-02-02 13:25:12"
"DCR","nnet","test",3.71338765720188,0.292560164238808,"2022-02-02 13:25:12"
"DCR","pcr","holdout",0.671586339764376,0.0619755274455095,"2022-02-02 13:25:12"
"DCR","pcr","test",3.73136018888754,0.304357184242924,"2022-02-02 13:25:12"
"DCR","rf","holdout",8.14539375088047,0.119781498169264,"2022-02-02 13:25:12"
"DCR","rf","test",4.53593866326688,0.227333257789979,"2022-02-02 13:25:12"
"DCR","xgb","holdout",2.80519574692256,0.744800551418487,"2022-02-02 13:25:12"
"DCR","xgb","test",6.21352238193162,0.0961817591294933,"2022-02-02 13:25:12"
"DGB","lm","holdout",0.336647233570991,0.848217140964517,"2022-02-02 13:25:12"
"DGB","lm","test",2.92920854955954,0.345082752165131,"2022-02-02 13:25:12"
"DGB","nnet","holdout",1.23201390204767,0.00743508776459456,"2022-02-02 13:25:12"
"DGB","nnet","test",1.5071168192328,0.126345959488542,"2022-02-02 13:25:12"
"DGB","pcr","holdout",0.975873903395954,0.0000938998710386263,"2022-02-02 13:25:12"
"DGB","pcr","test",1.29184333008779,0.198677954400799,"2022-02-02 13:25:12"
"DGB","rf","holdout",0.934133416222255,0.00801917147884278,"2022-02-02 13:25:12"
"DGB","rf","test",1.10625233390723,0.13777247669709,"2022-02-02 13:25:12"
"DGB","xgb","holdout",1.1423825241398,0.0100876007238632,"2022-02-02 13:25:12"
"DGB","xgb","test",1.2934193798134,0.0572211931549913,"2022-02-02 13:25:12"
"DODO","lm","holdout",0.984462084905046,0.179284771089499,"2022-02-02 13:25:12"
"DODO","lm","test",3.72165272707399,0.0324891394087172,"2022-02-02 13:25:12"
"DODO","nnet","holdout",1.05854752462529,0.191698056560249,"2022-02-02 13:25:12"
"DODO","nnet","test",4.40171247155744,0.110226030005646,"2022-02-02 13:25:12"
"DODO","pcr","holdout",0.873294500546293,0.191883412714078,"2022-02-02 13:25:12"
"DODO","pcr","test",3.45337072204476,0.0365159849035548,"2022-02-02 13:25:12"
"DODO","rf","holdout",0.848066284017296,0.197233644635208,"2022-02-02 13:25:12"
"DODO","rf","test",4.27350522374152,0.00952551200627245,"2022-02-02 13:25:12"
"DODO","xgb","holdout",1.60042317021459,0.00938004303986152,"2022-02-02 13:25:12"
"DODO","xgb","test",5.26196519809304,0.0615655266553096,"2022-02-02 13:25:12"
"DYDX","lm","holdout",1.79851307744663,0.119657062914177,"2022-02-02 13:25:12"
"DYDX","lm","test",3.98274560244953,0.259052137086157,"2022-02-02 13:25:12"
"DYDX","nnet","holdout",1.50013631085715,0.354373106327186,"2022-02-02 13:25:12"
"DYDX","nnet","test",3.06201410020212,0.124521706911997,"2022-02-02 13:25:12"
"DYDX","pcr","holdout",1.27627478273245,0.474181579832451,"2022-02-02 13:25:12"
"DYDX","pcr","test",2.19743192130824,0.233636479385014,"2022-02-02 13:25:12"
"DYDX","rf","holdout",2.10720890152792,0.0638768826049424,"2022-02-02 13:25:12"
"DYDX","rf","test",3.78411530815587,0.135336484661819,"2022-02-02 13:25:12"
"DYDX","xgb","holdout",2.08675276727333,0.161478943096105,"2022-02-02 13:25:12"
"DYDX","xgb","test",4.16874783624894,0.0763745236677197,"2022-02-02 13:25:12"
"ELF","lm","holdout",3.31080488323667,0.991726972896033,"2022-02-02 13:25:12"
"ELF","lm","test",2.53822309697144,0.285733779721621,"2022-02-02 13:25:12"
"ELF","nnet","holdout",10.4943204779555,0.361287160075658,"2022-02-02 13:25:12"
"ELF","nnet","test",4.13510453214375,0.326321610498575,"2022-02-02 13:25:12"
"ELF","pcr","holdout",10.0547047613795,0.323485086997742,"2022-02-02 13:25:12"
"ELF","pcr","test",2.65236533642531,0.3726631087374,"2022-02-02 13:25:12"
"ELF","rf","holdout",4.39681636336037,0.532241711803415,"2022-02-02 13:25:12"
"ELF","rf","test",4.34547722540842,0.0673135068100498,"2022-02-02 13:25:12"
"ELF","xgb","holdout",8.63435687056492,0.000244124422682123,"2022-02-02 13:25:12"
"ELF","xgb","test",3.50253303257014,0.158557533037142,"2022-02-02 13:25:12"
"ENJ","lm","holdout",0.404403252058671,0.906473969387064,"2022-02-02 13:25:12"
"ENJ","lm","test",1.14347288923651,0.670473304576597,"2022-02-02 13:25:12"
"ENJ","nnet","holdout",1.17389497859209,0.0017610311971679,"2022-02-02 13:25:12"
"ENJ","nnet","test",2.46661586150849,0.234562492935052,"2022-02-02 13:25:12"
"ENJ","pcr","holdout",1.49345218621256,0.00162483937632841,"2022-02-02 13:25:12"
"ENJ","pcr","test",1.51620806848499,0.383669100774546,"2022-02-02 13:25:12"
"ENJ","rf","holdout",3.74110830244875,0.00375319924042115,"2022-02-02 13:25:12"
"ENJ","rf","test",2.36286511111408,0.167286552978207,"2022-02-02 13:25:12"
"ENJ","xgb","holdout",3.87720334987228,0.041347401737376,"2022-02-02 13:25:12"
"ENJ","xgb","test",2.67535212858986,0.210364998845467,"2022-02-02 13:25:12"
"EOS","lm","holdout",0.28993910759366,0.897465624026378,"2022-02-02 13:25:12"
"EOS","lm","test",1.21728228301263,0.45373911285105,"2022-02-02 13:25:12"
"EOS","nnet","holdout",0.959793695885066,0.113138744474853,"2022-02-02 13:25:12"
"EOS","nnet","test",2.18111125096496,0.195048587707854,"2022-02-02 13:25:12"
"EOS","pcr","holdout",0.882568572662219,0.0017289462680203,"2022-02-02 13:25:12"
"EOS","pcr","test",1.19500732969976,0.353765902477467,"2022-02-02 13:25:12"
"EOS","rf","holdout",2.1270889359472,0.0126131121385917,"2022-02-02 13:25:12"
"EOS","rf","test",1.71970614696525,0.0339744990178369,"2022-02-02 13:25:12"
"EOS","xgb","holdout",1.22472209409093,0.0189127752315708,"2022-02-02 13:25:12"
"EOS","xgb","test",2.39042253904017,0.0077316252305084,"2022-02-02 13:25:12"
"ETC","lm","holdout",0.555157788561884,0.787922089934166,"2022-02-02 13:25:12"
"ETC","lm","test",1.07488536478185,0.461597207340633,"2022-02-02 13:25:12"
"ETC","nnet","holdout",1.18789647782637,NA,"2022-02-02 13:25:12"
"ETC","nnet","test",2.28746382814506,0.388352852966282,"2022-02-02 13:25:12"
"ETC","pcr","holdout",1.03790447615369,0.779864330732339,"2022-02-02 13:25:12"
"ETC","pcr","test",1.08667194923481,0.376314353640552,"2022-02-02 13:25:12"
"ETC","rf","holdout",2.33091086067648,0.0000326624355175616,"2022-02-02 13:25:12"
"ETC","rf","test",1.60164908627288,0.298479524864909,"2022-02-02 13:25:12"
"ETC","xgb","holdout",1.86193419218945,0.468451993429513,"2022-02-02 13:25:12"
"ETC","xgb","test",2.22431260761763,0.187420868294661,"2022-02-02 13:25:12"
"ETH","lm","holdout",0.326387160569963,0.899941645291335,"2022-02-02 13:25:12"
"ETH","lm","test",0.543621490170201,0.645443641820624,"2022-02-02 13:25:12"
"ETH","nnet","holdout",0.868698257340055,0.219146605397009,"2022-02-02 13:25:12"
"ETH","nnet","test",1.47986920882019,0.189702101580334,"2022-02-02 13:25:12"
"ETH","pcr","holdout",0.946466214216651,0.0903540780799298,"2022-02-02 13:25:12"
"ETH","pcr","test",0.700580814713072,0.378460801060445,"2022-02-02 13:25:12"
"ETH","rf","holdout",1.50533461998761,0.235430460646234,"2022-02-02 13:25:12"
"ETH","rf","test",1.57394015395033,0.0233852835754554,"2022-02-02 13:25:12"
"ETH","xgb","holdout",2.1673522059691,0.0927380238441469,"2022-02-02 13:25:12"
"ETH","xgb","test",1.80390337332759,0.0369300885671082,"2022-02-02 13:25:12"
"FIDA","lm","holdout",3.12748719344322,0.436750243312125,"2022-02-02 13:25:12"
"FIDA","lm","test",7.58300530725644,0.405142938713,"2022-02-02 13:25:12"
"FIDA","nnet","holdout",6.84914549741633,0.21200734934508,"2022-02-02 13:25:12"
"FIDA","nnet","test",4.70977975919868,0.236997160399469,"2022-02-02 13:25:12"
"FIDA","pcr","holdout",2.761739668337,0.336644428827041,"2022-02-02 13:25:12"
"FIDA","pcr","test",2.43061830676633,0.364531020307872,"2022-02-02 13:25:12"
"FIDA","rf","holdout",3.76996286447997,0.167666983252339,"2022-02-02 13:25:12"
"FIDA","rf","test",2.86721611900915,0.335760569168438,"2022-02-02 13:25:12"
"FIDA","xgb","holdout",3.12240443192015,0.097457261201725,"2022-02-02 13:25:12"
"FIDA","xgb","test",3.31146944096126,0.266473928652657,"2022-02-02 13:25:12"
"GODS","lm","holdout",0.578266611374633,0.669160124114907,"2022-02-02 13:25:12"
"GODS","lm","test",3.2009292001878,0.351927487104414,"2022-02-02 13:25:12"
"GODS","nnet","holdout",1.90803124332579,0.0568839206679238,"2022-02-02 13:25:12"
"GODS","nnet","test",4.53306282724787,0.153775486969178,"2022-02-02 13:25:12"
"GODS","pcr","holdout",0.917454664069053,0.00107706386509672,"2022-02-02 13:25:12"
"GODS","pcr","test",2.46464293301287,0.346680486165423,"2022-02-02 13:25:12"
"GODS","rf","holdout",0.930551568703181,0.0501266324435091,"2022-02-02 13:25:12"
"GODS","rf","test",3.33429729226927,0.124951663139431,"2022-02-02 13:25:12"
"GODS","xgb","holdout",1.46880111397313,0.0113572120974715,"2022-02-02 13:25:12"
"GODS","xgb","test",3.76714219614796,0.139067442157837,"2022-02-02 13:25:12"
"HT","lm","holdout",0.24041281067963,0.970589209446474,"2022-02-02 13:25:12"
"HT","lm","test",0.82681258921,0.361774455115051,"2022-02-02 13:25:12"
"HT","nnet","holdout",0.79206865844922,0.278456880804626,"2022-02-02 13:25:12"
"HT","nnet","test",1.22726159258411,0.131669542129608,"2022-02-02 13:25:12"
"HT","pcr","holdout",0.463541493268271,0.582140766966552,"2022-02-02 13:25:12"
"HT","pcr","test",0.767497868971238,0.241736900844654,"2022-02-02 13:25:12"
"HT","rf","holdout",0.780134128421061,0.117200799476643,"2022-02-02 13:25:12"
"HT","rf","test",0.852955358357322,0.0555560946001001,"2022-02-02 13:25:12"
"HT","xgb","holdout",1.06405671416118,0.0448288545860897,"2022-02-02 13:25:12"
"HT","xgb","test",1.11731115400554,0.0169146345590292,"2022-02-02 13:25:12"
"ICP","lm","holdout",0.872645671523366,0.101519414426949,"2022-02-02 13:25:12"
"ICP","lm","test",1.94668661277473,0.717630789372832,"2022-02-02 13:25:12"
"ICP","nnet","holdout",1.12633869477493,0.119857573573987,"2022-02-02 13:25:12"
"ICP","nnet","test",3.06403011343917,0.278359666424157,"2022-02-02 13:25:12"
"ICP","pcr","holdout",1.02648346856238,0.0076884206525639,"2022-02-02 13:25:12"
"ICP","pcr","test",2.39244439428624,0.536147223201021,"2022-02-02 13:25:12"
"ICP","rf","holdout",1.59898148738731,0.0469926314742379,"2022-02-02 13:25:12"
"ICP","rf","test",2.76834306366254,0.211691423327669,"2022-02-02 13:25:12"
"ICP","xgb","holdout",1.80200379846833,0.00247407674261358,"2022-02-02 13:25:12"
"ICP","xgb","test",2.87505516447317,0.0993193828549582,"2022-02-02 13:25:12"
"INJ","lm","holdout",0.436472510226772,0.767120775544641,"2022-02-02 13:25:12"
"INJ","lm","test",1.46798667515288,0.343552465074552,"2022-02-02 13:25:12"
"INJ","nnet","holdout",1.85389816955963,0.0647063569864843,"2022-02-02 13:25:12"
"INJ","nnet","test",2.52551909626711,0.212147829226423,"2022-02-02 13:25:12"
"INJ","pcr","holdout",0.814521686703723,0.168540292135195,"2022-02-02 13:25:12"
"INJ","pcr","test",1.4977264057823,0.329461477773438,"2022-02-02 13:25:12"
"INJ","rf","holdout",0.84088534352518,0.0753132430121431,"2022-02-02 13:25:12"
"INJ","rf","test",2.18523770332607,0.0584027344862847,"2022-02-02 13:25:12"
"INJ","xgb","holdout",2.00088387982186,0.0176717612658747,"2022-02-02 13:25:12"
"INJ","xgb","test",3.06604978128241,0.0495610854777365,"2022-02-02 13:25:12"
"IOST","lm","holdout",0.623239837289932,0.164939628585154,"2022-02-02 13:25:12"
"IOST","lm","test",3.47814090174152,0.261072726713262,"2022-02-02 13:25:12"
"IOST","nnet","holdout",1.17530404194716,0.0707989010087956,"2022-02-02 13:25:12"
"IOST","nnet","test",6.70086753993384,0.183715314419286,"2022-02-02 13:25:12"
"IOST","pcr","holdout",0.604123081379316,0.0885279088550593,"2022-02-02 13:25:12"
"IOST","pcr","test",1.64481794623747,0.165289065117181,"2022-02-02 13:25:12"
"IOST","rf","holdout",0.728050200199862,0.0715299232744565,"2022-02-02 13:25:12"
"IOST","rf","test",1.99696416890808,0.0811503267056451,"2022-02-02 13:25:12"
"IOST","xgb","holdout",0.910316604043499,0.0431023869659481,"2022-02-02 13:25:12"
"IOST","xgb","test",1.95969194528119,0.0692581765993712,"2022-02-02 13:25:12"
"IOTA","lm","holdout",1.17702216376225,0.0186288863910713,"2022-02-02 13:25:12"
"IOTA","lm","test",3.5930352814165,0.189507726619039,"2022-02-02 13:25:12"
"IOTA","nnet","holdout",2.53989372467035,0.35289710213419,"2022-02-02 13:25:12"
"IOTA","nnet","test",4.72201557897645,0.169024237244798,"2022-02-02 13:25:12"
"IOTA","pcr","holdout",0.835320069886436,0.281486732122699,"2022-02-02 13:25:12"
"IOTA","pcr","test",3.31703285825004,0.189904687159734,"2022-02-02 13:25:12"
"IOTA","rf","holdout",0.943227295946992,0.0851086467480202,"2022-02-02 13:25:12"
"IOTA","rf","test",2.21674218487612,0.177143254756064,"2022-02-02 13:25:12"
"IOTA","xgb","holdout",1.156738910818,0.0924762401715628,"2022-02-02 13:25:12"
"IOTA","xgb","test",5.35973407822748,0.0437510275647163,"2022-02-02 13:25:12"
"JST","lm","holdout",0.949968531810638,0.908590523597847,"2022-02-02 13:25:12"
"JST","lm","test",6.25858375157479,0.316124787182757,"2022-02-02 13:25:12"
"JST","nnet","holdout",2.63573362408008,0.0641119548531973,"2022-02-02 13:25:12"
"JST","nnet","test",7.2729126087674,0.108461206880522,"2022-02-02 13:25:12"
"JST","pcr","holdout",2.38338998035452,0.198809996575847,"2022-02-02 13:25:12"
"JST","pcr","test",7.03331260669935,0.1992103069786,"2022-02-02 13:25:12"
"JST","rf","holdout",2.66050629203859,0.0109141343654809,"2022-02-02 13:25:12"
"JST","rf","test",6.57973853870616,0.233365524588181,"2022-02-02 13:25:12"
"JST","xgb","holdout",2.60145337022768,0.0150685632798824,"2022-02-02 13:25:12"
"JST","xgb","test",7.97935264013623,0.387673477422148,"2022-02-02 13:25:12"
"KMD","lm","holdout",0.502717337020682,0.701623504995331,"2022-02-02 13:25:12"
"KMD","lm","test",2.45979906207487,0.363598410262083,"2022-02-02 13:25:12"
"KMD","nnet","holdout",1.11348693912212,0.141791812042965,"2022-02-02 13:25:12"
"KMD","nnet","test",3.0967076586691,0.106382751438843,"2022-02-02 13:25:12"
"KMD","pcr","holdout",0.736577961453085,0.284147879665209,"2022-02-02 13:25:12"
"KMD","pcr","test",2.62942462623243,0.198147447033664,"2022-02-02 13:25:12"
"KMD","rf","holdout",1.62439708798536,0.0142892594535307,"2022-02-02 13:25:12"
"KMD","rf","test",3.93364718845289,0.0503561397683443,"2022-02-02 13:25:12"
"KMD","xgb","holdout",1.88219606338814,0.00757326704353387,"2022-02-02 13:25:12"
"KMD","xgb","test",5.82106024923157,0.0283054250028245,"2022-02-02 13:25:12"
"KNC","lm","holdout",0.919483971805026,0.865268367236445,"2022-02-02 13:25:12"
"KNC","lm","test",1.67040510104404,0.435231229078693,"2022-02-02 13:25:12"
"KNC","nnet","holdout",2.22535865909999,0.290775625161687,"2022-02-02 13:25:12"
"KNC","nnet","test",2.10792511903622,0.314950682747241,"2022-02-02 13:25:12"
"KNC","pcr","holdout",1.48025864602443,0.636891270412564,"2022-02-02 13:25:12"
"KNC","pcr","test",1.97137678303616,0.373824093754475,"2022-02-02 13:25:12"
"KNC","rf","holdout",1.98162343517697,0.281089894791825,"2022-02-02 13:25:12"
"KNC","rf","test",2.82249913337997,0.0518502219523797,"2022-02-02 13:25:12"
"KNC","xgb","holdout",3.39676039676315,0.0000788158934544957,"2022-02-02 13:25:12"
"KNC","xgb","test",2.82334031574846,0.0600380708548237,"2022-02-02 13:25:12"
"KRRX","lm","holdout",0.466789200415659,0.0328899543167973,"2022-02-02 13:25:12"
"KRRX","lm","test",3.17712059656863,0.186912023053497,"2022-02-02 13:25:12"
"KRRX","nnet","holdout",1.31854710019641,0.228085355018242,"2022-02-02 13:25:12"
"KRRX","nnet","test",2.42389713267757,0.324025343896551,"2022-02-02 13:25:12"
"KRRX","pcr","holdout",0.352349911733038,0.376037253593222,"2022-02-02 13:25:12"
"KRRX","pcr","test",1.79662197150764,0.444277929332306,"2022-02-02 13:25:12"
"KRRX","rf","holdout",0.95077841272456,0.00820613524543273,"2022-02-02 13:25:12"
"KRRX","rf","test",2.27962496450973,0.323541200349403,"2022-02-02 13:25:12"
"KRRX","xgb","holdout",1.16034009201266,0.000486102434242,"2022-02-02 13:25:12"
"KRRX","xgb","test",5.04767380832964,0.0584615855313051,"2022-02-02 13:25:12"
"LAZIO","lm","holdout",0.840825629428176,0.30766909437811,"2022-02-02 13:25:12"
"LAZIO","lm","test",1.54660121243837,0.437121249618434,"2022-02-02 13:25:12"
"LAZIO","nnet","holdout",2.63118094059855,0.309229345989256,"2022-02-02 13:25:12"
"LAZIO","nnet","test",3.01936383717033,0.307477687059194,"2022-02-02 13:25:12"
"LAZIO","pcr","holdout",0.861599601798818,0.26420874971166,"2022-02-02 13:25:12"
"LAZIO","pcr","test",1.63877610465249,0.407423322350402,"2022-02-02 13:25:12"
"LAZIO","rf","holdout",0.85779145322583,0.274646063776031,"2022-02-02 13:25:12"
"LAZIO","rf","test",2.24425343135106,0.110974635081337,"2022-02-02 13:25:12"
"LAZIO","xgb","holdout",1.148701832336,0.137412194756038,"2022-02-02 13:25:12"
"LAZIO","xgb","test",2.22478623633697,0.0949929537908447,"2022-02-02 13:25:12"
"LEO","lm","holdout",1.54233218122442,0.00208335271853408,"2022-02-02 13:25:12"
"LEO","lm","test",2.57913904624139,0.162053744540471,"2022-02-02 13:25:12"
"LEO","nnet","holdout",2.41129434176922,0.00175731078141241,"2022-02-02 13:25:12"
"LEO","nnet","test",3.32220230922481,0.0176480379912415,"2022-02-02 13:25:12"
"LEO","pcr","holdout",0.712923377102431,0.0796628086994561,"2022-02-02 13:25:12"
"LEO","pcr","test",2.4680654537162,0.0235836163599079,"2022-02-02 13:25:12"
"LEO","rf","holdout",2.19618058618196,0.731906721046542,"2022-02-02 13:25:12"
"LEO","rf","test",3.01346336726174,0.0343743236127113,"2022-02-02 13:25:12"
"LEO","xgb","holdout",0.741463808063058,0.00651416767400345,"2022-02-02 13:25:12"
"LEO","xgb","test",5.30909987986848,0.135999952226183,"2022-02-02 13:25:12"
"LTC","lm","holdout",0.290492736922304,0.886893922370567,"2022-02-02 13:25:12"
"LTC","lm","test",1.07091946585111,0.573392735601935,"2022-02-02 13:25:12"
"LTC","nnet","holdout",1.22908620923378,0.0776631109514625,"2022-02-02 13:25:12"
"LTC","nnet","test",1.93826281096159,0.274345874706801,"2022-02-02 13:25:12"
"LTC","pcr","holdout",0.857232798215026,0.00497927274180868,"2022-02-02 13:25:12"
"LTC","pcr","test",1.29188477831923,0.326725136205461,"2022-02-02 13:25:12"
"LTC","rf","holdout",0.994193940295947,0.0875818000251674,"2022-02-02 13:25:12"
"LTC","rf","test",1.70787301660462,0.0798218338884112,"2022-02-02 13:25:12"
"LTC","xgb","holdout",1.35175132226445,0.00527248007269641,"2022-02-02 13:25:12"
"LTC","xgb","test",2.2481758779076,0.033440994150838,"2022-02-02 13:25:12"
"MAID","lm","holdout",0.635632778846548,0.786470218877903,"2022-02-02 13:25:12"
"MAID","lm","test",1.74526911181688,0.442294811084133,"2022-02-02 13:25:12"
"MAID","nnet","holdout",1.91049669630136,0.335651852192191,"2022-02-02 13:25:12"
"MAID","nnet","test",3.00881288182214,0.125779045212877,"2022-02-02 13:25:12"
"MAID","pcr","holdout",1.03425894368013,0.00552055782750512,"2022-02-02 13:25:12"
"MAID","pcr","test",1.1120615835484,0.245632898079182,"2022-02-02 13:25:12"
"MAID","rf","holdout",1.5109929016932,0.00137872766475563,"2022-02-02 13:25:12"
"MAID","rf","test",1.5688394090285,0.100680922134117,"2022-02-02 13:25:12"
"MAID","xgb","holdout",0.9153491245199,0.227970950085938,"2022-02-02 13:25:12"
"MAID","xgb","test",1.52721721269945,0.0310214945291878,"2022-02-02 13:25:12"
"MANA","lm","holdout",0.725839318064374,0.814205209216257,"2022-02-02 13:25:12"
"MANA","lm","test",1.44021168449247,0.366903743085296,"2022-02-02 13:25:12"
"MANA","nnet","holdout",2.03321435660393,0.181476019947593,"2022-02-02 13:25:12"
"MANA","nnet","test",2.33964405647705,0.222795027979911,"2022-02-02 13:25:12"
"MANA","pcr","holdout",1.87908897757134,0.00990207913295026,"2022-02-02 13:25:12"
"MANA","pcr","test",1.71349383998213,0.259995354492197,"2022-02-02 13:25:12"
"MANA","rf","holdout",8.17672549517389,0.0294920877878682,"2022-02-02 13:25:12"
"MANA","rf","test",1.87414022440481,0.207660465008275,"2022-02-02 13:25:12"
"MANA","xgb","holdout",4.02922686867727,0.0642678755659398,"2022-02-02 13:25:12"
"MANA","xgb","test",2.94684575503558,0.0362025944492627,"2022-02-02 13:25:12"
"MC","lm","holdout",0.694719239570142,0.744888092990525,"2022-02-02 13:25:12"
"MC","lm","test",5.5351244200563,0.396736305152035,"2022-02-02 13:25:12"
"MC","nnet","holdout",1.28721757275349,0.00100142718695118,"2022-02-02 13:25:12"
"MC","nnet","test",6.29617953551446,0.243291296049232,"2022-02-02 13:25:12"
"MC","pcr","holdout",1.17104625619366,0.0219403430019805,"2022-02-02 13:25:12"
"MC","pcr","test",4.79117803965542,0.309040063583276,"2022-02-02 13:25:12"
"MC","rf","holdout",1.33821776501782,0.00100208309657729,"2022-02-02 13:25:12"
"MC","rf","test",3.35125731414418,0.268724425117618,"2022-02-02 13:25:12"
"MC","xgb","holdout",1.81469031053362,0.00182826309207899,"2022-02-02 13:25:12"
"MC","xgb","test",4.12764171962471,0.20505519076461,"2022-02-02 13:25:12"
"MTLX","lm","holdout",1.10684188967696,0.0202781774922529,"2022-02-02 13:25:12"
"MTLX","lm","test",0.989022541336914,0.417785130344678,"2022-02-02 13:25:12"
"MTLX","nnet","holdout",2.72483215038085,0.288944212164291,"2022-02-02 13:25:12"
"MTLX","nnet","test",3.7981122281875,0.31574335644658,"2022-02-02 13:25:12"
"MTLX","pcr","holdout",0.540585978152103,0.0266858687874251,"2022-02-02 13:25:12"
"MTLX","pcr","test",0.81368251317236,0.36163895234661,"2022-02-02 13:25:12"
"MTLX","rf","holdout",0.400902127843864,0.254072199986627,"2022-02-02 13:25:12"
"MTLX","rf","test",0.971752318014996,0.34205784054988,"2022-02-02 13:25:12"
"MTLX","xgb","holdout",0.36974014041221,0.00017662957268511,"2022-02-02 13:25:12"
"MTLX","xgb","test",0.997352554891217,0.306838748769687,"2022-02-02 13:25:12"
"NAV","lm","holdout",3.08603220962321,0.394079586590528,"2022-02-02 13:25:12"
"NAV","lm","test",3.62346148038687,0.259341351016675,"2022-02-02 13:25:12"
"NAV","nnet","holdout",3.79635021831103,0.393693825340134,"2022-02-02 13:25:12"
"NAV","nnet","test",2.63357395924878,0.0525472873660568,"2022-02-02 13:25:12"
"NAV","pcr","holdout",2.89977610251186,0.41208114880841,"2022-02-02 13:25:12"
"NAV","pcr","test",1.98330405131544,0.066843384248125,"2022-02-02 13:25:12"
"NAV","rf","holdout",3.06137151433161,0.110910573661198,"2022-02-02 13:25:12"
"NAV","rf","test",2.07432984229692,0.0295496989560138,"2022-02-02 13:25:12"
"NAV","xgb","holdout",3.89898821457848,0.00731199309514957,"2022-02-02 13:25:12"
"NAV","xgb","test",2.31012058948894,0.13272115903036,"2022-02-02 13:25:12"
"NCT","lm","holdout",2.24246921393431,0.173972930773187,"2022-02-02 13:25:12"
"NCT","lm","test",9.37504969536089,0.584959313445021,"2022-02-02 13:25:12"
"NCT","nnet","holdout",3.07445666249063,0.191412162520504,"2022-02-02 13:25:12"
"NCT","nnet","test",6.35516103687395,0.272099690618088,"2022-02-02 13:25:12"
"NCT","pcr","holdout",2.05550278444535,0.259196820322694,"2022-02-02 13:25:12"
"NCT","pcr","test",2.88590536907199,0.284530867217946,"2022-02-02 13:25:12"
"NCT","rf","holdout",3.95364245530818,0.00156672643670888,"2022-02-02 13:25:12"
"NCT","rf","test",3.44170660233013,0.121299100038439,"2022-02-02 13:25:12"
"NCT","xgb","holdout",6.03240995290153,0.00905415768370884,"2022-02-02 13:25:12"
"NCT","xgb","test",4.78490748438686,0.0312125463884125,"2022-02-02 13:25:12"
"NEAR","lm","holdout",0.399276016445703,0.869594455363936,"2022-02-02 13:25:12"
"NEAR","lm","test",1.06662737348467,0.733001886448795,"2022-02-02 13:25:12"
"NEAR","nnet","holdout",2.08308301937386,0.00926782947075432,"2022-02-02 13:25:12"
"NEAR","nnet","test",1.87577481304489,0.127232319727699,"2022-02-02 13:25:12"
"NEAR","pcr","holdout",1.2509804590821,0.00572628779389283,"2022-02-02 13:25:12"
"NEAR","pcr","test",1.50345111513772,0.269104612149497,"2022-02-02 13:25:12"
"NEAR","rf","holdout",2.39664033362684,0.0271531074852915,"2022-02-02 13:25:12"
"NEAR","rf","test",1.84807275298539,0.112949604121572,"2022-02-02 13:25:12"
"NEAR","xgb","holdout",2.2285526374273,0.0210195606080882,"2022-02-02 13:25:12"
"NEAR","xgb","test",5.01081389659357,0.0063878416859413,"2022-02-02 13:25:12"
"NEXO","lm","holdout",0.643129495507864,0.928157542804491,"2022-02-02 13:25:12"
"NEXO","lm","test",1.10499137006041,0.545637787532244,"2022-02-02 13:25:12"
"NEXO","nnet","holdout",1.7115211432489,0.257126084351201,"2022-02-02 13:25:12"
"NEXO","nnet","test",1.69960170015634,0.19152212696622,"2022-02-02 13:25:12"
"NEXO","pcr","holdout",1.25146550089719,0.628353138110415,"2022-02-02 13:25:12"
"NEXO","pcr","test",1.37351977654614,0.36535642790278,"2022-02-02 13:25:12"
"NEXO","rf","holdout",1.76481959202994,0.281712112801509,"2022-02-02 13:25:12"
"NEXO","rf","test",2.31543185258259,0.150688849888604,"2022-02-02 13:25:12"
"NEXO","xgb","holdout",1.95526035200645,0.000120640907765997,"2022-02-02 13:25:12"
"NEXO","xgb","test",3.30231813589614,0.0790433351150591,"2022-02-02 13:25:12"
"RCN","lm","holdout",5.07035045928664,0.991664824420942,"2022-02-02 13:25:12"
"RCN","lm","test",2.25705523693119,0.941623349198374,"2022-02-02 13:25:12"
"RCN","nnet","holdout",26.3923622152072,0.000164813240145334,"2022-02-02 13:25:12"
"RCN","nnet","test",11.7577004737087,0.155152325233674,"2022-02-02 13:25:12"
"RCN","pcr","holdout",17.5289237874055,0.801020160764753,"2022-02-02 13:25:12"
"RCN","pcr","test",3.66197777581877,0.831053682218477,"2022-02-02 13:25:12"
"RCN","rf","holdout",22.0171060729926,0.360786044398495,"2022-02-02 13:25:12"
"RCN","rf","test",6.12118195500456,0.46308623868296,"2022-02-02 13:25:12"
"RCN","xgb","holdout",17.4878176402414,0.558935144877701,"2022-02-02 13:25:12"
"RCN","xgb","test",4.07144148892141,0.595595809942653,"2022-02-02 13:25:12"
"RGT","lm","holdout",0.757626372337483,0.323158562835491,"2022-02-02 13:25:12"
"RGT","lm","test",10.1533510548422,0.222929889828298,"2022-02-02 13:25:12"
"RGT","nnet","holdout",1.65123746271204,0.145990912531439,"2022-02-02 13:25:12"
"RGT","nnet","test",6.43032386592783,0.241978543497698,"2022-02-02 13:25:12"
"RGT","pcr","holdout",0.857659919713692,0.124890711034714,"2022-02-02 13:25:12"
"RGT","pcr","test",2.21151689442928,0.457502313267101,"2022-02-02 13:25:12"
"RGT","rf","holdout",0.859562570199068,0.106865649735419,"2022-02-02 13:25:12"
"RGT","rf","test",3.45031660912563,0.0359735971749156,"2022-02-02 13:25:12"
"RGT","xgb","holdout",1.33082579976163,0.0044686691761976,"2022-02-02 13:25:12"
"RGT","xgb","test",3.46064608446546,0.144572890187419,"2022-02-02 13:25:12"
"RIF","lm","holdout",1.80826580647926,0.0524245122508504,"2022-02-02 13:25:12"
"RIF","lm","test",5.49658666975339,0.162377135349636,"2022-02-02 13:25:12"
"RIF","nnet","holdout",4.27700659990187,0.000785431917673196,"2022-02-02 13:25:12"
"RIF","nnet","test",5.32348202432926,0.0246707492419159,"2022-02-02 13:25:12"
"RIF","pcr","holdout",3.37379097256351,0.000673321839985672,"2022-02-02 13:25:12"
"RIF","pcr","test",4.38799545959207,0.150710419113705,"2022-02-02 13:25:12"
"RIF","rf","holdout",6.18552393072953,0.0107032863585188,"2022-02-02 13:25:12"
"RIF","rf","test",4.14711945488179,0.094470827041887,"2022-02-02 13:25:12"
"RIF","xgb","holdout",4.57157877315177,0.000211631633828507,"2022-02-02 13:25:12"
"RIF","xgb","test",3.75193610232349,0.184067600816798,"2022-02-02 13:25:12"
"SNX","lm","holdout",1.48396176940855,0.124495501651973,"2022-02-02 13:25:12"
"SNX","lm","test",3.00238834586164,0.404977756950647,"2022-02-02 13:25:12"
"SNX","nnet","holdout",5.72222770992031,0.105211985530249,"2022-02-02 13:25:12"
"SNX","nnet","test",3.40648424281779,0.358537277651546,"2022-02-02 13:25:12"
"SNX","pcr","holdout",1.2828957061433,0.0873595770142578,"2022-02-02 13:25:12"
"SNX","pcr","test",1.9832451957363,0.142322634873445,"2022-02-02 13:25:12"
"SNX","rf","holdout",1.23013825842712,0.110380239706434,"2022-02-02 13:25:12"
"SNX","rf","test",2.57711100239677,0.207952764853074,"2022-02-02 13:25:12"
"SNX","xgb","holdout",1.66104494623882,0.000448835527895823,"2022-02-02 13:25:12"
"SNX","xgb","test",2.84034582664161,0.173137723664758,"2022-02-02 13:25:12"
"SPI","lm","holdout",2.15188688605111,0.137875728133663,"2022-02-02 13:25:12"
"SPI","lm","test",4.75387458064338,0.507972196098629,"2022-02-02 13:25:12"
"SPI","nnet","holdout",2.79515971543971,0.00811575061537832,"2022-02-02 13:25:12"
"SPI","nnet","test",7.53260697063708,0.261864462440164,"2022-02-02 13:25:12"
"SPI","pcr","holdout",1.74244400744149,0.00369794530390155,"2022-02-02 13:25:12"
"SPI","pcr","test",4.76993771904055,0.378303354649334,"2022-02-02 13:25:12"
"SPI","rf","holdout",2.45293487083273,0.079280448508581,"2022-02-02 13:25:12"
"SPI","rf","test",5.10751300490183,0.209224079188914,"2022-02-02 13:25:12"
"SPI","xgb","holdout",3.8051689212517,0.522472009749165,"2022-02-02 13:25:12"
"SPI","xgb","test",6.16580778320866,0.165265706411616,"2022-02-02 13:25:12"
"SXP","lm","holdout",0.834111699732254,0.587419512849676,"2022-02-02 13:25:12"
"SXP","lm","test",1.13130487896889,0.371956410334665,"2022-02-02 13:25:12"
"SXP","nnet","holdout",1.04786081128571,0.15128785144886,"2022-02-02 13:25:12"
"SXP","nnet","test",2.30752918739793,0.227057904263228,"2022-02-02 13:25:12"
"SXP","pcr","holdout",1.18643571283461,0.000643220559874519,"2022-02-02 13:25:12"
"SXP","pcr","test",1.09754879837884,0.312805789261256,"2022-02-02 13:25:12"
"SXP","rf","holdout",2.79983725296037,0.0369253109010775,"2022-02-02 13:25:12"
"SXP","rf","test",2.20329007656259,0.124527980159865,"2022-02-02 13:25:12"
"SXP","xgb","holdout",1.56510548940752,0.0000954902363911748,"2022-02-02 13:25:12"
"SXP","xgb","test",2.5812030981759,0.198949319841281,"2022-02-02 13:25:12"
"TOMO","lm","holdout",0.0741549448804892,0.000126320447190369,"2022-02-02 13:25:12"
"TOMO","lm","test",5.69094155951745,0.18916310250597,"2022-02-02 13:25:12"
"TOMO","nnet","holdout",3.10117538029896,0.0244043984883054,"2022-02-02 13:25:12"
"TOMO","nnet","test",6.13968283197143,0.119463778467455,"2022-02-02 13:25:12"
"TOMO","pcr","holdout",0.0721306389223249,0.00158840016992078,"2022-02-02 13:25:12"
"TOMO","pcr","test",5.0223442879335,0.135780230405665,"2022-02-02 13:25:12"
"TOMO","rf","holdout",0.0731090526809606,0.0285326475281126,"2022-02-02 13:25:12"
"TOMO","rf","test",5.75562861255307,0.157417365664762,"2022-02-02 13:25:12"
"TOMO","xgb","holdout",0.108314912816374,0.0100011075331407,"2022-02-02 13:25:12"
"TOMO","xgb","test",6.10099985178217,0.0136713564710511,"2022-02-02 13:25:12"
"TRX","lm","holdout",0.193972208235836,0.890275341608715,"2022-02-02 13:25:12"
"TRX","lm","test",0.791399344999043,0.492098113045936,"2022-02-02 13:25:12"
"TRX","nnet","holdout",0.682236948374579,0.00191351311668805,"2022-02-02 13:25:12"
"TRX","nnet","test",1.01201732099122,0.233196445474309,"2022-02-02 13:25:12"
"TRX","pcr","holdout",0.685747612166038,0.0149063438793409,"2022-02-02 13:25:12"
"TRX","pcr","test",0.914874857690614,0.257636619052442,"2022-02-02 13:25:12"
"TRX","rf","holdout",1.25625881110835,0.00670875234595858,"2022-02-02 13:25:12"
"TRX","rf","test",1.81028706651108,0.0641679608077451,"2022-02-02 13:25:12"
"TRX","xgb","holdout",1.1265886478755,0.00652147104523021,"2022-02-02 13:25:12"
"TRX","xgb","test",1.50498157575425,0.0310022112533651,"2022-02-02 13:25:12"
"TXA","lm","holdout",15.6806638614243,0.999775042687511,"2022-02-02 13:25:12"
"TXA","lm","test",56.1175648589168,0.0249721278775091,"2022-02-02 13:25:12"
"TXA","nnet","holdout",108.852945727137,0.00000000959428124608778,"2022-02-02 13:25:12"
"TXA","nnet","test",21.0598598667504,0.135963231473816,"2022-02-02 13:25:12"
"TXA","pcr","holdout",98.144980615923,0.783989323572432,"2022-02-02 13:25:12"
"TXA","pcr","test",27.6813070208853,0.118571288054901,"2022-02-02 13:25:12"
"TXA","rf","holdout",107.84769899301,0.665250887897152,"2022-02-02 13:25:12"
"TXA","rf","test",19.1083374786418,0.153166357247219,"2022-02-02 13:25:12"
"TXA","xgb","holdout",108.823156353296,0.0010815698890794,"2022-02-02 13:25:12"
"TXA","xgb","test",18.3890874802489,0.00277581641581819,"2022-02-02 13:25:12"
"VGX","lm","holdout",2.02875194264685,0.360703858230425,"2022-02-02 13:25:12"
"VGX","lm","test",4.9792283731732,0.125669883113384,"2022-02-02 13:25:12"
"VGX","nnet","holdout",3.84974223139509,0.328397686072673,"2022-02-02 13:25:12"
"VGX","nnet","test",5.32769333093771,0.0553025977497673,"2022-02-02 13:25:12"
"VGX","pcr","holdout",2.08655367466677,0.298748089289681,"2022-02-02 13:25:12"
"VGX","pcr","test",4.48306840100084,0.107119328393156,"2022-02-02 13:25:12"
"VGX","rf","holdout",2.08750328921554,0.297854081389476,"2022-02-02 13:25:12"
"VGX","rf","test",4.35295813821156,0.0676667454194653,"2022-02-02 13:25:12"
"VGX","xgb","holdout",3.69219072141136,0.0153268197446807,"2022-02-02 13:25:12"
"VGX","xgb","test",7.18074710159241,0.0318501071877024,"2022-02-02 13:25:12"
"VIB","lm","holdout",30.9910448611595,0.00203736069143218,"2022-02-02 13:25:12"
"VIB","lm","test",4.98352490336446,0.286533145018128,"2022-02-02 13:25:12"
"VIB","nnet","holdout",22.975004107409,0.00329564284505054,"2022-02-02 13:25:12"
"VIB","nnet","test",3.0179551206624,0.255235643752606,"2022-02-02 13:25:12"
"VIB","pcr","holdout",22.5406417910023,0.0401086490295808,"2022-02-02 13:25:12"
"VIB","pcr","test",4.53725543987266,0.344011397482387,"2022-02-02 13:25:12"
"VIB","rf","holdout",31.3972095297287,0.0000253983359694303,"2022-02-02 13:25:12"
"VIB","rf","test",5.17999730744972,0.0279544287454955,"2022-02-02 13:25:12"
"VIB","xgb","holdout",23.1640471657506,0.00427933999193805,"2022-02-02 13:25:12"
"VIB","xgb","test",5.30253547313591,0.15897491353397,"2022-02-02 13:25:12"
"WAXP","lm","holdout",0.589808644659401,0.584997988130087,"2022-02-02 13:25:12"
"WAXP","lm","test",1.21272055490417,0.525384983898303,"2022-02-02 13:25:12"
"WAXP","nnet","holdout",1.89019912593474,0.0183524311367895,"2022-02-02 13:25:12"
"WAXP","nnet","test",2.01069272520126,0.180079801488948,"2022-02-02 13:25:12"
"WAXP","pcr","holdout",1.38783775013377,0.00487278807916062,"2022-02-02 13:25:12"
"WAXP","pcr","test",1.24228481889535,0.477797117958713,"2022-02-02 13:25:12"
"WAXP","rf","holdout",6.49786643984687,0.140291956563464,"2022-02-02 13:25:12"
"WAXP","rf","test",2.59072278581958,0.116622293083492,"2022-02-02 13:25:12"
"WAXP","xgb","holdout",7.37528877817925,0.05506901768702,"2022-02-02 13:25:12"
"WAXP","xgb","test",3.77149736756928,0.0407377328863177,"2022-02-02 13:25:12"
"XCH","lm","holdout",0.5747880533232,0.474022576159675,"2022-02-02 13:25:12"
"XCH","lm","test",2.55138714340599,0.398919001631392,"2022-02-02 13:25:12"
"XCH","nnet","holdout",0.718437632793118,0.0394761503869772,"2022-02-02 13:25:12"
"XCH","nnet","test",3.29363927400184,0.0957203997921774,"2022-02-02 13:25:12"
"XCH","pcr","holdout",0.789846833426505,0.0733569013193802,"2022-02-02 13:25:12"
"XCH","pcr","test",2.54488364371603,0.239197149389617,"2022-02-02 13:25:12"
"XCH","rf","holdout",1.80249592611583,0.0295277284209551,"2022-02-02 13:25:12"
"XCH","rf","test",3.06693820928211,0.0316956623133088,"2022-02-02 13:25:12"
"XCH","xgb","holdout",2.116316468756,0.000323521358267307,"2022-02-02 13:25:12"
"XCH","xgb","test",4.4443217448551,0.0433661926988883,"2022-02-02 13:25:12"
"XEM","lm","holdout",0.382156528153218,0.755029463305022,"2022-02-02 13:25:12"
"XEM","lm","test",1.17908744229909,0.687309101033502,"2022-02-02 13:25:12"
"XEM","nnet","holdout",1.13760772306559,0.00296276946892833,"2022-02-02 13:25:12"
"XEM","nnet","test",1.4621517425242,0.264184055031059,"2022-02-02 13:25:12"
"XEM","pcr","holdout",0.874610701245412,0.00880872478558565,"2022-02-02 13:25:12"
"XEM","pcr","test",1.40272565045766,0.419583253285358,"2022-02-02 13:25:12"
"XEM","rf","holdout",2.14048967924218,0.0825396343101222,"2022-02-02 13:25:12"
"XEM","rf","test",1.93348845181342,0.13750921860166,"2022-02-02 13:25:12"
"XEM","xgb","holdout",2.87376038282101,0.0127068705094536,"2022-02-02 13:25:12"
"XEM","xgb","test",1.87479930512076,0.100539126329928,"2022-02-02 13:25:12"
"XMR","lm","holdout",0.19172417398806,0.954055116348613,"2022-02-02 13:25:12"
"XMR","lm","test",1.09570783001667,0.513810358894747,"2022-02-02 13:25:12"
"XMR","nnet","holdout",1.81269136821688,0.191639884869698,"2022-02-02 13:25:12"
"XMR","nnet","test",1.85798889695984,0.295860791239463,"2022-02-02 13:25:12"
"XMR","pcr","holdout",0.799408662369163,0.348096106235111,"2022-02-02 13:25:12"
"XMR","pcr","test",1.36978107386587,0.425851079611295,"2022-02-02 13:25:12"
"XMR","rf","holdout",1.17919519500912,0.111218938231976,"2022-02-02 13:25:12"
"XMR","rf","test",2.32398441722743,0.179993482759882,"2022-02-02 13:25:12"
"XMR","xgb","holdout",1.48043415223203,0.137113520176376,"2022-02-02 13:25:12"
"XMR","xgb","test",2.73041851619846,0.107990303564867,"2022-02-02 13:25:12"
"ZEC","lm","holdout",0.421234968621907,0.885468618158279,"2022-02-02 13:25:12"
"ZEC","lm","test",1.5642051665471,0.21176855897514,"2022-02-02 13:25:12"
"ZEC","nnet","holdout",1.75378505575355,0.164598781212888,"2022-02-02 13:25:12"
"ZEC","nnet","test",2.58798773164781,0.277822058913355,"2022-02-02 13:25:12"
"ZEC","pcr","holdout",1.18923067321952,0.00267910219900276,"2022-02-02 13:25:12"
"ZEC","pcr","test",1.732274038553,0.228356822435884,"2022-02-02 13:25:12"
"ZEC","rf","holdout",1.53886933368883,0.198666278945681,"2022-02-02 13:25:12"
"ZEC","rf","test",2.24308598105085,0.0161371714396296,"2022-02-02 13:25:12"
"ZEC","xgb","holdout",2.5103964115594,0.0300193639912653,"2022-02-02 13:25:12"
"ZEC","xgb","test",4.38145669685253,0.0303419474040275,"2022-02-02 13:25:12"
"ZRX","lm","holdout",0.416286092654635,0.810582138881002,"2022-02-02 13:25:12"
"ZRX","lm","test",1.68260838770769,0.631062578190249,"2022-02-02 13:25:12"
"ZRX","nnet","holdout",0.951300405462367,0.359784638445917,"2022-02-02 13:25:12"
"ZRX","nnet","test",3.06622675418062,0.36151870551243,"2022-02-02 13:25:12"
"ZRX","pcr","holdout",1.10815616329113,0.000324999126522348,"2022-02-02 13:25:12"
"ZRX","pcr","test",1.96816169035776,0.565827688435268,"2022-02-02 13:25:12"
"ZRX","rf","holdout",2.69745531172706,0.0325388301355294,"2022-02-02 13:25:12"
"ZRX","rf","test",2.4592794566862,0.267912792861523,"2022-02-02 13:25:12"
"ZRX","xgb","holdout",3.31731508894534,0.00153675387228556,"2022-02-02 13:25:12"
"ZRX","xgb","test",2.57057907514458,0.131701542185243,"2022-02-02 13:25:12"
"ZYN","lm","holdout",2.95776630489635,0.00941170344558357,"2022-02-02 13:25:12"
"ZYN","lm","test",5.38132650567482,0.463672115924607,"2022-02-02 13:25:12"
"ZYN","nnet","holdout",3.03726880455856,0.0387215886724489,"2022-02-02 13:25:12"
"ZYN","nnet","test",6.35369307503634,0.120474166324275,"2022-02-02 13:25:12"
"ZYN","pcr","holdout",3.02800074178952,0.0294740621270823,"2022-02-02 13:25:12"
"ZYN","pcr","test",5.38366489271159,0.18579140860864,"2022-02-02 13:25:12"
"ZYN","rf","holdout",3.0275953420421,0.0290219159134601,"2022-02-02 13:25:12"
"ZYN","rf","test",6.13542470853286,0.294509098719655,"2022-02-02 13:25:12"
"ZYN","xgb","holdout",3.65565488125242,0.0982034016846056,"2022-02-02 13:25:12"
"ZYN","xgb","test",6.80234569419618,0.234332617036718,"2022-02-02 13:25:12"
